	caspera	hcure	hcurw	hcy	hmaj	horn	nhel	nscut	ptext	tele	vberus	vkomodo
Number of genes	18397	20367	20545	20300	20825	20378	19091	16567	16980	18900	18732	17968
Number of genes in orthogroups	18216	20154	20260	20069	20514	20125	18917	16257	16797	18722	18559	17639
Number of unassigned genes	181	213	285	231	311	253	174	310	183	178	173	329
Percentage of genes in orthogroups	99.0	99.0	98.6	98.9	98.5	98.8	99.1	98.1	98.9	99.1	99.1	98.2
Percentage of unassigned genes	1.0	1.0	1.4	1.1	1.5	1.2	0.9	1.9	1.1	0.9	0.9	1.8
Number of orthogroups containing species	16613	17970	17807	17963	17915	17927	16477	15332	15885	16020	16179	16369
Percentage of orthogroups containing species	84.9	91.9	91.0	91.8	91.6	91.6	84.2	78.4	81.2	81.9	82.7	83.7
Number of species-specific orthogroups	13	2	10	8	12	6	4	2	0	8	10	25
Number of genes in species-specific orthogroups	70	5	24	17	31	14	8	4	0	16	34	136
Percentage of genes in species-specific orthogroups	0.4	0.0	0.1	0.1	0.1	0.1	0.0	0.0	0.0	0.1	0.2	0.8
