species	chr	n_clusters	method	merge_bp	observed	null_mean	null_sd	fold	z	p_greater	ntimes	secs
horn	ch2	107	rust	39810	0.407761886878943	0.330066015475781	0.041748053477667	1.235394944526976	1.861065724770243	0.070785842831434	5000	0.3284
horn	chZ	39	rust	39810	0.377879829156765	0.370987489198531	0.061561549508702	1.018578362232981	0.111958519778003	0.482103579284143	5000	0.139
hmaj	ch2	98	rust	39810	0.392498188672869	0.319764776423044	0.040619507757964	1.22745911248711	1.790602995073572	0.076784643071386	5000	0.1967
hmaj	chZ	56	rust	39810	0.412106423456653	0.374973709150122	0.057130681115955	1.099027514197442	0.649960994358961	0.245750849830034	5000	0.0442
hcy	ch2	89	rust	39810	0.462980809277444	0.321583993482004	0.0418282150647	1.439688599747902	3.380417155662193	0.012197560487902	5000	0.2159
hcy	chZ	39	rust	39810	0.368429143550411	0.374441465130932	0.055090741862935	0.983943227071772	-0.10913488141944	0.50629874025195	5000	0.0626
hcurw	ch2	76	rust	39810	0.413642827133762	0.328779580519018	0.037029289441067	1.258115928248272	2.291787066284557	0.022995400919816	5000	0.2027
hcurw	chZ	63	rust	39810	0.413174745439285	0.39616985130539	0.052722790228867	1.042923241326576	0.322534032437921	0.334133173365327	5000	0.0425
hcure	ch2	48	rust	39810	0.418438379551011	0.310720991905487	0.038154530241059	1.346669167683039	2.823187363727713	0.005998800239952	5000	0.2089
hcure	chZ	21	rust	39810	0.44387070247784	0.386690775189281	0.066243385102531	1.147869902664653	0.863179428407163	0.208958208358328	5000	0.0397
