species	chr	gap_bp
horn	ch2	725817
horn	ch2	168838
horn	ch2	165851
horn	ch2	259050
horn	ch2	80437
horn	ch2	42228
horn	ch2	79975
horn	ch2	2476088
horn	ch2	3390631
horn	ch2	138772
horn	ch2	1556341
horn	ch2	62532
horn	ch2	65183
horn	ch2	161935
horn	ch2	44945
horn	ch2	152698
horn	ch2	85271
horn	ch2	80998
horn	ch2	7349
horn	ch2	80195
horn	ch2	62786
horn	ch2	357527
horn	ch2	112667
horn	ch2	1422700
horn	ch2	136325
horn	ch2	174269
horn	ch2	517352
horn	ch2	15039
horn	ch2	1039524
horn	ch2	6613137
horn	ch2	30324
horn	ch2	3001233
horn	ch2	17621
horn	ch2	1309411
horn	ch2	139039
horn	ch2	448731
horn	ch2	102630
horn	ch2	126107
horn	ch2	16742
horn	ch2	1232461
horn	ch2	147015
horn	ch2	244095
horn	ch2	49215
horn	ch2	560578
horn	ch2	182415
horn	ch2	81906
horn	ch2	710720
horn	ch2	297108
horn	ch2	767636
horn	ch2	153551
horn	ch2	682263
horn	ch2	91916
horn	ch2	1099329
horn	ch2	28982
horn	ch2	32983
horn	ch2	51019
horn	ch2	1663919
horn	ch2	104853
horn	ch2	984387
horn	ch2	193063
horn	ch2	950609
horn	ch2	6806
horn	ch2	39976
horn	ch2	16716
horn	ch2	257966
horn	ch2	248950
horn	ch2	92166
horn	ch2	92306
horn	ch2	265932
horn	ch2	245532
horn	ch2	21899
horn	ch2	127194
horn	ch2	120230
horn	ch2	224731
horn	ch2	76785
horn	ch2	16756
horn	ch2	217315
horn	ch2	42447
horn	ch2	151014
horn	ch2	496930
horn	ch2	531859
horn	ch2	2761628
horn	ch2	82720
horn	ch2	176152
horn	ch2	13096
horn	ch2	6283778
horn	ch2	1432260
horn	ch2	362254
horn	ch2	190380
horn	ch2	245954
horn	ch2	361046
horn	ch2	17980
horn	ch2	358049
horn	ch2	71098
horn	ch2	127803
horn	ch2	176719
horn	ch2	459455
horn	ch2	53681
horn	ch2	380050
horn	ch2	59750
horn	ch2	60964
horn	ch2	543002
horn	ch2	276533
horn	ch2	329510
horn	ch2	384295
horn	ch2	458399
horn	ch2	145384
horn	ch2	108562
horn	ch2	4343416
horn	ch2	4385
horn	ch2	137019
horn	ch2	21885
horn	ch2	95451
horn	ch2	96374
horn	ch2	166736
horn	ch2	14487
horn	ch2	83840
horn	ch2	173488
horn	ch2	261741
horn	ch2	139980
horn	ch2	792072
horn	ch2	41786
horn	ch2	21536
horn	ch2	22076
horn	ch2	16706
horn	chZ	1236594
horn	chZ	1019522
horn	chZ	20580
horn	chZ	242819
horn	chZ	547490
horn	chZ	15387
horn	chZ	146959
horn	chZ	141844
horn	chZ	159123
horn	chZ	1306468
horn	chZ	485201
horn	chZ	63077305
horn	chZ	76050590
horn	chZ	966244
horn	chZ	1612347
horn	chZ	1079341
horn	chZ	490911
horn	chZ	441776
horn	chZ	11641400
horn	chZ	136643
horn	chZ	163055
horn	chZ	12396
horn	chZ	1999102
horn	chZ	319010
horn	chZ	111101
horn	chZ	23007
horn	chZ	365975
horn	chZ	125608
horn	chZ	614627
horn	chZ	5052
horn	chZ	118347
horn	chZ	1020775
horn	chZ	304952
horn	chZ	2276778
horn	chZ	117061
horn	chZ	1590037
horn	chZ	70570
horn	chZ	1827928
horn	chZ	636488
horn	chZ	38598
horn	chZ	871354
horn	chZ	33771
horn	chZ	775936
horn	chZ	106355
horn	chZ	7688
horn	chZ	12258
horn	chZ	6201153
hmaj	ch2	573137
hmaj	ch2	89241
hmaj	ch2	33879
hmaj	ch2	639608
hmaj	ch2	678675
hmaj	ch2	160024
hmaj	ch2	21900
hmaj	ch2	195332
hmaj	ch2	34569
hmaj	ch2	525553
hmaj	ch2	24975
hmaj	ch2	76351
hmaj	ch2	115384
hmaj	ch2	133232
hmaj	ch2	141814
hmaj	ch2	21603
hmaj	ch2	1006255
hmaj	ch2	16707
hmaj	ch2	170251
hmaj	ch2	182142
hmaj	ch2	114376
hmaj	ch2	197344
hmaj	ch2	254559
hmaj	ch2	47604
hmaj	ch2	310805
hmaj	ch2	31624
hmaj	ch2	239556
hmaj	ch2	69489
hmaj	ch2	35973
hmaj	ch2	150665
hmaj	ch2	73903
hmaj	ch2	315802
hmaj	ch2	154542
hmaj	ch2	21890
hmaj	ch2	54843
hmaj	ch2	97221
hmaj	ch2	6800
hmaj	ch2	312546
hmaj	ch2	16707
hmaj	ch2	110291
hmaj	ch2	706003
hmaj	ch2	20707
hmaj	ch2	56790
hmaj	ch2	177895
hmaj	ch2	165356
hmaj	ch2	4034
hmaj	ch2	3479
hmaj	ch2	4055
hmaj	ch2	143028
hmaj	ch2	35889
hmaj	ch2	97879
hmaj	ch2	369744
hmaj	ch2	55516
hmaj	ch2	186722
hmaj	ch2	26915
hmaj	ch2	31955
hmaj	ch2	333168
hmaj	ch2	6448
hmaj	ch2	3479
hmaj	ch2	85710
hmaj	ch2	1497658
hmaj	ch2	163285
hmaj	ch2	730480
hmaj	ch2	298150
hmaj	ch2	95172
hmaj	ch2	1063369
hmaj	ch2	48269
hmaj	ch2	570793
hmaj	ch2	205771
hmaj	ch2	14319
hmaj	ch2	17572
hmaj	ch2	39686
hmaj	ch2	792095
hmaj	ch2	986275
hmaj	ch2	1622236
hmaj	ch2	65915
hmaj	ch2	74597
hmaj	ch2	47525
hmaj	ch2	2270418
hmaj	ch2	105932
hmaj	ch2	117518
hmaj	ch2	7707613
hmaj	ch2	254337
hmaj	ch2	894143
hmaj	ch2	971521
hmaj	ch2	316346
hmaj	ch2	197244
hmaj	ch2	2767609
hmaj	ch2	219070
hmaj	ch2	596948
hmaj	ch2	138438
hmaj	ch2	131702
hmaj	ch2	396478
hmaj	ch2	7347
hmaj	ch2	350747
hmaj	ch2	490732
hmaj	ch2	120096
hmaj	ch2	295508
hmaj	ch2	48307
hmaj	ch2	928256
hmaj	ch2	1896678
hmaj	ch2	45437
hmaj	ch2	1871462
hmaj	ch2	88620
hmaj	ch2	136287
hmaj	ch2	1321192
hmaj	ch2	607286
hmaj	ch2	2972564
hmaj	ch2	149138
hmaj	ch2	185245
hmaj	ch2	592793
hmaj	ch2	2212580
hmaj	ch2	269094
hmaj	ch2	332903
hmaj	ch2	715909
hmaj	ch2	169403
hmaj	ch2	1011139
hmaj	ch2	42225
hmaj	ch2	79860
hmaj	ch2	123372
hmaj	ch2	3546801
hmaj	chZ	105904
hmaj	chZ	779871
hmaj	chZ	35973
hmaj	chZ	360803
hmaj	chZ	782489
hmaj	chZ	1728409
hmaj	chZ	79151
hmaj	chZ	70317
hmaj	chZ	1161621
hmaj	chZ	74760
hmaj	chZ	106999
hmaj	chZ	163276
hmaj	chZ	1709696
hmaj	chZ	436160
hmaj	chZ	311077
hmaj	chZ	1013908
hmaj	chZ	54090
hmaj	chZ	8072
hmaj	chZ	94281
hmaj	chZ	229222
hmaj	chZ	157006
hmaj	chZ	402710
hmaj	chZ	29470
hmaj	chZ	116358
hmaj	chZ	370136
hmaj	chZ	23063
hmaj	chZ	96131
hmaj	chZ	381534
hmaj	chZ	126972
hmaj	chZ	1913368
hmaj	chZ	15112
hmaj	chZ	16783
hmaj	chZ	19847
hmaj	chZ	55489
hmaj	chZ	66417
hmaj	chZ	102268
hmaj	chZ	40138
hmaj	chZ	11493356
hmaj	chZ	439482
hmaj	chZ	61942
hmaj	chZ	653142
hmaj	chZ	217715
hmaj	chZ	93944
hmaj	chZ	75028
hmaj	chZ	1596538
hmaj	chZ	1047142
hmaj	chZ	138083483
hmaj	chZ	188844
hmaj	chZ	444243
hmaj	chZ	1319614
hmaj	chZ	10174
hmaj	chZ	68891
hmaj	chZ	75450
hmaj	chZ	208673
hmaj	chZ	165748
hmaj	chZ	399203
hmaj	chZ	334909
hmaj	chZ	80698
hmaj	chZ	217077
hmaj	chZ	596269
hmaj	chZ	230545
hmaj	chZ	33650
hmaj	chZ	399668
hmaj	chZ	31843
hmaj	chZ	186135
hcy	ch2	228532
hcy	ch2	909837
hcy	ch2	143020
hcy	ch2	168136
hcy	ch2	255066
hcy	ch2	121282
hcy	ch2	592854
hcy	ch2	36707
hcy	ch2	103505
hcy	ch2	146901
hcy	ch2	397088
hcy	ch2	540101
hcy	ch2	33291
hcy	ch2	286922
hcy	ch2	7274
hcy	ch2	83258
hcy	ch2	54683
hcy	ch2	464145
hcy	ch2	64326
hcy	ch2	27669
hcy	ch2	64013
hcy	ch2	337999
hcy	ch2	263232
hcy	ch2	89933
hcy	ch2	350584
hcy	ch2	7368
hcy	ch2	131197
hcy	ch2	392617
hcy	ch2	97730
hcy	ch2	82482
hcy	ch2	7369
hcy	ch2	213910
hcy	ch2	487018
hcy	ch2	880027
hcy	ch2	128296
hcy	ch2	896923
hcy	ch2	3107166
hcy	ch2	766603
hcy	ch2	165974
hcy	ch2	5514886
hcy	ch2	2107392
hcy	ch2	30581
hcy	ch2	163777
hcy	ch2	1513878
hcy	ch2	42735
hcy	ch2	297026
hcy	ch2	33540
hcy	ch2	133318
hcy	ch2	1624491
hcy	ch2	111806
hcy	ch2	247623
hcy	ch2	11420
hcy	ch2	119889
hcy	ch2	64327
hcy	ch2	256043
hcy	ch2	814294
hcy	ch2	569034
hcy	ch2	381667
hcy	ch2	826329
hcy	ch2	7034
hcy	ch2	123609
hcy	ch2	49730
hcy	ch2	1482071
hcy	ch2	39719
hcy	ch2	558341
hcy	ch2	251962
hcy	ch2	28334
hcy	ch2	214351
hcy	ch2	2068834
hcy	ch2	16747
hcy	ch2	139590
hcy	ch2	3441
hcy	ch2	734741
hcy	ch2	58068
hcy	ch2	567736
hcy	ch2	812867
hcy	ch2	383753
hcy	ch2	81341
hcy	ch2	103185
hcy	ch2	56155
hcy	ch2	321358
hcy	ch2	179539
hcy	ch2	217713
hcy	ch2	344426
hcy	ch2	52010
hcy	ch2	81649
hcy	ch2	94144
hcy	ch2	1169295
hcy	ch2	781039
hcy	ch2	9829
hcy	ch2	2065820
hcy	ch2	244010
hcy	ch2	339687
hcy	ch2	160854
hcy	ch2	390746
hcy	ch2	281909
hcy	ch2	379193
hcy	ch2	185949
hcy	ch2	20098
hcy	ch2	146681
hcy	ch2	1285116
hcy	ch2	222126
hcy	ch2	254979
hcy	ch2	1304379
hcy	chZ	1123058
hcy	chZ	461748
hcy	chZ	165647
hcy	chZ	320201
hcy	chZ	518002
hcy	chZ	1107011
hcy	chZ	678016
hcy	chZ	73638
hcy	chZ	1125855
hcy	chZ	148461
hcy	chZ	341545
hcy	chZ	1823614
hcy	chZ	62286
hcy	chZ	220031
hcy	chZ	221904
hcy	chZ	771420
hcy	chZ	82095
hcy	chZ	201181
hcy	chZ	574539
hcy	chZ	62632
hcy	chZ	357263
hcy	chZ	26036
hcy	chZ	96288
hcy	chZ	367426
hcy	chZ	150173
hcy	chZ	1941915
hcy	chZ	20651
hcy	chZ	129416
hcy	chZ	28740409
hcy	chZ	1003750
hcy	chZ	1784664
hcy	chZ	795863
hcy	chZ	108047
hcy	chZ	125455
hcy	chZ	133644
hcy	chZ	450281
hcy	chZ	11264522
hcy	chZ	204268
hcy	chZ	51098149
hcy	chZ	54907
hcurw	ch2	95826
hcurw	ch2	304154
hcurw	ch2	95084
hcurw	ch2	1349833
hcurw	ch2	147195
hcurw	ch2	76718
hcurw	ch2	193489
hcurw	ch2	106970
hcurw	ch2	45102
hcurw	ch2	997275
hcurw	ch2	471009
hcurw	ch2	2759882
hcurw	ch2	757971
hcurw	ch2	558497
hcurw	ch2	24489
hcurw	ch2	24442
hcurw	ch2	4238635
hcurw	ch2	3947583
hcurw	ch2	743746
hcurw	ch2	601430
hcurw	ch2	127232
hcurw	ch2	1437758
hcurw	ch2	488561
hcurw	ch2	42004
hcurw	ch2	21029
hcurw	ch2	21653
hcurw	ch2	119671
hcurw	ch2	22439
hcurw	ch2	20378
hcurw	ch2	947422
hcurw	ch2	303473
hcurw	ch2	245965
hcurw	ch2	1118660
hcurw	ch2	132071
hcurw	ch2	42279
hcurw	ch2	275431
hcurw	ch2	79270
hcurw	ch2	28326
hcurw	ch2	98317
hcurw	ch2	58564
hcurw	ch2	612362
hcurw	ch2	19537
hcurw	ch2	143745
hcurw	ch2	22350
hcurw	ch2	20782
hcurw	ch2	148021
hcurw	ch2	22337
hcurw	ch2	45291
hcurw	ch2	269754
hcurw	ch2	37433
hcurw	ch2	70955
hcurw	ch2	260723
hcurw	ch2	113375
hcurw	ch2	2026129
hcurw	ch2	128366
hcurw	ch2	74332
hcurw	ch2	7375
hcurw	ch2	257419
hcurw	ch2	177993
hcurw	ch2	240116
hcurw	ch2	1038391
hcurw	ch2	181060
hcurw	ch2	768822
hcurw	ch2	2125951
hcurw	ch2	403006
hcurw	ch2	227112
hcurw	ch2	1983852
hcurw	ch2	22386
hcurw	ch2	97881
hcurw	ch2	192183
hcurw	ch2	3457
hcurw	ch2	691937
hcurw	ch2	121062
hcurw	ch2	35793
hcurw	ch2	244749
hcurw	ch2	622963
hcurw	ch2	339914
hcurw	ch2	4412
hcurw	ch2	461853
hcurw	ch2	76361
hcurw	ch2	495924
hcurw	ch2	24085
hcurw	ch2	2829939
hcurw	ch2	1139322
hcurw	ch2	197487
hcurw	ch2	275430
hcurw	ch2	320296
hcurw	ch2	740377
hcurw	ch2	13200
hcurw	ch2	227731
hcurw	ch2	5736611
hcurw	ch2	146931
hcurw	ch2	84100
hcurw	ch2	5780850
hcurw	chZ	10514
hcurw	chZ	68009
hcurw	chZ	211394
hcurw	chZ	531675
hcurw	chZ	239338
hcurw	chZ	204525
hcurw	chZ	2551110
hcurw	chZ	90909
hcurw	chZ	1258571
hcurw	chZ	68288
hcurw	chZ	24167
hcurw	chZ	184874
hcurw	chZ	1949356
hcurw	chZ	195322
hcurw	chZ	946040
hcurw	chZ	398561
hcurw	chZ	119012
hcurw	chZ	587592
hcurw	chZ	129310
hcurw	chZ	365095
hcurw	chZ	23096
hcurw	chZ	104660
hcurw	chZ	469452
hcurw	chZ	81187
hcurw	chZ	1991824
hcurw	chZ	23908
hcurw	chZ	109491
hcurw	chZ	112274
hcurw	chZ	34673
hcurw	chZ	367675
hcurw	chZ	11606715
hcurw	chZ	441968
hcurw	chZ	305312
hcurw	chZ	933318
hcurw	chZ	1603762
hcurw	chZ	1292080
hcurw	chZ	41011
hcurw	chZ	96437
hcurw	chZ	143859411
hcurw	chZ	2797507
hcurw	chZ	1362842
hcurw	chZ	305139
hcurw	chZ	212455
hcurw	chZ	177760
hcurw	chZ	69456
hcurw	chZ	32264
hcurw	chZ	252105
hcurw	chZ	1088422
hcurw	chZ	2563611
hcurw	chZ	60650
hcurw	chZ	112116
hcurw	chZ	377735
hcurw	chZ	18153
hcurw	chZ	256406
hcurw	chZ	640692
hcurw	chZ	1900673
hcurw	chZ	269292
hcurw	chZ	451848
hcurw	chZ	457829
hcurw	chZ	213041
hcurw	chZ	944849
hcurw	chZ	18481
hcurw	chZ	95668
hcurw	chZ	45559
hcurw	chZ	174565
hcurw	chZ	794095
hcurw	chZ	410736
hcurw	chZ	603180
hcurw	chZ	453359
hcurw	chZ	18607
hcurw	chZ	667557
hcure	ch2	20706
hcure	ch2	76823
hcure	ch2	523037
hcure	ch2	20756
hcure	ch2	15477
hcure	ch2	36123
hcure	ch2	53863
hcure	ch2	45668
hcure	ch2	76019
hcure	ch2	526675
hcure	ch2	805698
hcure	ch2	405454
hcure	ch2	112492
hcure	ch2	561562
hcure	ch2	28374
hcure	ch2	78821
hcure	ch2	16456
hcure	ch2	40468
hcure	ch2	31129
hcure	ch2	1811624
hcure	ch2	9660
hcure	ch2	4046
hcure	ch2	1299281
hcure	ch2	307206
hcure	ch2	276863
hcure	ch2	139077
hcure	ch2	100113
hcure	ch2	205641
hcure	ch2	7309
hcure	ch2	2204716
hcure	ch2	5542822
hcure	ch2	540307
hcure	ch2	1996
hcure	ch2	27229
hcure	ch2	2373240
hcure	ch2	71334
hcure	ch2	583899
hcure	ch2	745398
hcure	ch2	512207
hcure	ch2	88513
hcure	ch2	113569
hcure	ch2	71167
hcure	ch2	303314
hcure	ch2	38894
hcure	ch2	49346
hcure	ch2	180535
hcure	ch2	470824
hcure	ch2	171356
hcure	ch2	70384
hcure	ch2	51265
hcure	ch2	237766
hcure	ch2	60149
hcure	ch2	62309
hcure	ch2	183123
hcure	ch2	78093
hcure	ch2	893444
hcure	ch2	123088
hcure	ch2	130445
hcure	ch2	151301
hcure	ch2	2553923
hcure	chZ	70221
hcure	chZ	35699
hcure	chZ	29312
hcure	chZ	209831
hcure	chZ	196093
hcure	chZ	1466195
hcure	chZ	86550
hcure	chZ	986153
hcure	chZ	1877602
hcure	chZ	190489
hcure	chZ	24249
hcure	chZ	66873
hcure	chZ	289375
hcure	chZ	1916709
hcure	chZ	15453
hcure	chZ	127999
hcure	chZ	114959
hcure	chZ	37582
hcure	chZ	317320
hcure	chZ	10346144
hcure	chZ	393948
hcure	chZ	1335411
hcure	chZ	1548385
hcure	chZ	1107929
hcure	chZ	128554694
